Accuracy,Precision,Recall,F1-Score,ROC-AUC
0.9914649246154362,0.9910326182579905,0.994651435560409,0.9945068145055019,0.9912952540521509
